{"_wandb":{"runtime":5},"_runtime":3.390492799,"train/loss":10.6995,"train/epoch":0.002178649237472767,"train/global_step":10,"train/learning_rate":4.9989106753812637e-05,"train/grad_norm":3.284752130508423,"_timestamp":1.7334644227189622e+09,"_step":0}