{"train/loss":9.3796,"train/learning_rate":4.981481481481482e-05,"train/epoch":0.037037037037037035,"train/grad_norm":1.4216210842132568,"train/global_step":170,"_step":16,"_runtime":46.461231762,"_timestamp":1.7334680914985337e+09,"_wandb":{"runtime":48}}