{"_timestamp":1.733468829403324e+09,"train/loss":10.017,"_step":8,"train/grad_norm":1.2295225858688354,"_wandb":{"runtime":25},"train/epoch":0.0196078431372549,"_runtime":24.620100179,"train/learning_rate":4.901960784313725e-05,"train/global_step":90}