{"train/learning_rate":4.999333833698245e-05,"train/epoch":0.00013323326035111406,"_step":2,"_wandb":{"runtime":9},"_runtime":8.854684679,"train/loss":10.5479,"train/grad_norm":1.4184926748275757,"train/global_step":30,"_timestamp":1.7334702738590257e+09}