{"_timestamp":1.7334685343061125e+09,"train/grad_norm":0.6785112023353577,"train/learning_rate":3.2461873638344223e-05,"train/epoch":0.35076252723311546,"train/global_step":1610,"_step":160,"train/loss":6.5763,"_wandb":{"runtime":436},"_runtime":434.097012702}