{"_runtime":24.724734443,"train/loss":10.0307,"_timestamp":1.7334688870430512e+09,"_step":8,"train/epoch":0.0196078431372549,"_wandb":{"runtime":25},"train/learning_rate":4.901960784313725e-05,"train/grad_norm":1.248607873916626,"train/global_step":90}