{"_wandb":{"runtime":20},"train/epoch":0.015250544662309368,"train/grad_norm":3.316138982772827,"train/learning_rate":4.9237472766884536e-05,"train/global_step":70,"_timestamp":1.7334700087671282e+09,"_runtime":19.302856275,"train/loss":10.1119,"_step":6}