{"train/global_step":190,"train/loss":9.2655,"train/epoch":0.04139433551198257,"_step":18,"_runtime":51.230540511,"train/grad_norm":1.2518573999404907,"_wandb":{"runtime":53},"train/learning_rate":4.9793028322440085e-05,"_timestamp":1.7334648555489779e+09}