{"train/learning_rate":4.8801742919389983e-05,"train/global_step":110,"_wandb":{"runtime":31},"_runtime":30.00087008,"train/grad_norm":1.448580265045166,"_step":10,"train/loss":9.8249,"train/epoch":0.023965141612200435,"_timestamp":1.7334697132411468e+09}