{"train/learning_rate":4.901960784313725e-05,"train/epoch":0.0196078431372549,"_runtime":24.6745271,"train/loss":9.9942,"_wandb":{"runtime":25},"_step":8,"train/global_step":90,"train/grad_norm":1.2504401206970215,"_timestamp":1.7334693158300104e+09}