{"train/epoch":0.013071895424836602,"train/grad_norm":2.1028459072113037,"_runtime":16.695646235,"train/learning_rate":4.9346405228758174e-05,"train/global_step":60,"_timestamp":1.733470034673833e+09,"_wandb":{"runtime":17},"_step":5,"train/loss":10.1791}