{"train/epoch":0.06100217864923747,"_step":27,"_wandb":{"runtime":76},"train/grad_norm":1.3111680746078491,"train/loss":8.6964,"train/learning_rate":4.898329702251271e-05,"_runtime":75.382947761,"train/global_step":280,"_timestamp":1.7334642101009717e+09}