{"train/loss":10.0034,"train/grad_norm":1.2854359149932861,"_timestamp":1.7334694778982024e+09,"train/learning_rate":4.901960784313725e-05,"train/global_step":90,"train/epoch":0.0196078431372549,"_step":8,"_wandb":{"runtime":39},"_runtime":24.861774407}