{"train/loss":6.1558,"train/grad_norm":1.5137388706207275,"train/epoch":0.6666666666666666,"train/global_step":3060,"_timestamp":1.733466427450051e+09,"_step":305,"train/learning_rate":4.666666666666667e-05,"_wandb":{"runtime":825},"_runtime":824.263461528}