{"train/grad_norm":1.2275335788726807,"_timestamp":1.7334695948757732e+09,"_runtime":24.761718369,"train/loss":9.9836,"_wandb":{"runtime":42},"train/epoch":0.0196078431372549,"train/global_step":90,"_step":8,"train/learning_rate":4.901960784313725e-05}