{"train/global_step":30,"_runtime":8.699251698,"train/learning_rate":4.967320261437909e-05,"train/epoch":0.006535947712418301,"_wandb":{"runtime":11},"_timestamp":1.7334687842459316e+09,"train/loss":10.4759,"train/grad_norm":1.4961700439453125,"_step":2}