{"train/grad_norm":1.2132138013839722,"train/epoch":0.0196078431372549,"_timestamp":1.733469752022216e+09,"train/global_step":90,"_step":8,"train/learning_rate":4.901960784313725e-05,"_runtime":24.708919867,"train/loss":10.0029,"_wandb":{"runtime":42}}