{"train/loss":10.4024,"_timestamp":1.7334640370658958e+09,"_runtime":11.937541142,"_wandb":{"runtime":12},"train/grad_norm":1.4789923429489136,"_step":3,"train/epoch":0.008714596949891068,"train/learning_rate":4.985475671750182e-05,"train/global_step":40}