{"_runtime":19.384380982,"train/grad_norm":2.7840092182159424,"_wandb":{"runtime":19},"train/learning_rate":4.974582425562818e-05,"train/epoch":0.015250544662309368,"train/global_step":70,"train/loss":10.1173,"_timestamp":1.7334640735763652e+09,"_step":6}